filename,class
Algometer Pain S002 03.jpg,severe pain
Algometer Pain S002 04.jpg,moderate
Algometer Pain S002 05.jpg,severe pain
Algometer Pain S002 06.jpg,severe pain
Algometer Pain S002 07.jpg,mild
Algometer Pain S002 08.jpg,severe pain
Algometer Pain S002 09.jpg,moderate
Algometer Pain S002 10.jpg,severe pain
Algometer Pain S002 11.jpg,mild
Algometer Pain S002 12.jpg,severe pain
Algometer Pain S002 13.jpg,severe
Algometer Pain S002 14.jpg,severe
Algometer Pain S002 15.jpg,mild
Algometer Pain S002 16.jpg,severe pain
Algometer Pain S002 17.jpg,severe pain
Algometer Pain S002 18.jpg,moderate
Algometer Pain S002 19.jpg,"the image appears to be of a man with facial features that suggest he may be experiencing some discomfort or pain. based on the visual cues present in the image, it would be appropriate to classify this face image as 'mild' pain. however, please note that this classification is based solely on the visible expressions and could vary depending on personal interpretation."
Algometer Pain S002 20.jpg,severe pain
Algometer Pain S002 21.jpg,severe pain
Algometer Pain S002 22.jpg,severe pain
Algometer Pain S003 03.jpg,"the woman in the image appears to have a pained or stressed expression. this could be classified as ""mild"" pain based on the visible signs of discomfort such as slightly raised eyebrows and a slight scowl."
Algometer Pain S003 04.jpg,severe
Algometer Pain S003 05.jpg,moderate
Algometer Pain S003 06.jpg,mild
Algometer Pain S003 07.jpg,severe
Algometer Pain S003 08.jpg,moderate
Algometer Pain S003 09.jpg,severe
Algometer Pain S003 10.jpg,moderate
Algometer Pain S003 11.jpg,severe
Algometer Pain S003 12.jpg,severe
Algometer Pain S003 13.jpg,severe pain
Algometer Pain S003 14.jpg,moderate
Algometer Pain S003 15.jpg,severe
Algometer Pain S003 16.jpg,severe
Algometer Pain S003 17.jpg,moderate
